<?xml version="1.0"?>
<doc>
    <assembly>
        <name>Popsy.WebApi</name>
    </assembly>
    <members>
        <member name="M:WebApiIntegracion.Controllers.IntegracionController.GetRespuestaPedidoSAPIntegracion(System.Guid)">
            <summary>
            Hace todos los calculos para enviar a SAP
            </summary>
            <remarks>
            Retorna toda la información de SAP pedido = bc75c0db-e6c8-ed11-8927-34735a9c3f29 
            Es el encabezado del inventario 
            </remarks>
        </member>
        <member name="M:WebApiIntegracion.Controllers.InventarioController.GetVistaCategoriasProductos">
            <summary>
            Obtiene el listado de categorias y subcategorias - no requiere parametros
            </summary>
            <remarks>
            Retorna el listado de Categorias categoria_id y categoria_nombre. Es el listado de categorias de la parte izquierda de la pantalla. Adicional concatenando los factores de conversion retorna las sub categorias
            </remarks>        
        </member>
        <member name="M:WebApiIntegracion.Controllers.InventarioController.GetInventarioBase(System.Guid)">
            <summary>
            Obtiene el listado de productos segun categoria seleccionada y usuario
            </summary>
            <remarks>
            Retorna toda la información de la categoria: factores de conversion, bodegas, presentación y productos. 
            Los parametros son: La categoria y el usuario id con el que el sistema revisa que punto de venta es. Se sugieren usuario_id = bc75c0db-e6c8-ed11-8927-34735a9c3f29, categoria_id = CATEGORIA2 y sub_categoria = MililitroUnidadUNLitro para prueba.
            Es la pantalla donde el usuario digita cuanto inventario hay 
            </remarks>        
        </member>
        <member name="M:WebApiIntegracion.Controllers.InventarioController.GetInventarioMonitor(System.Guid)">
            <summary>
            Obtiene el listado de inventarios filtrando por el punto de venta del usuario seleccionado
            </summary>
            <remarks>
            Retorna toda la información del monitor de inventarios. Se sugieren usuario_id = bc75c0db-e6c8-ed11-8927-34735a9c3f29 
            Es el monitor de inventarios
            </remarks>
        </member>
        <member name="M:WebApiIntegracion.Controllers.InventarioController.GetVistaResumenInventario">
            <summary>
            Obtiene el listado de productos filtrado por el inventario_id seleccionado
            </summary>
            <remarks>
            Retorna toda la información con el detalle del inventario 
            Es el detalle del inventario seleccionado
            </remarks>
        </member>
        <member name="M:WebApiIntegracion.Controllers.InventarioController.GetEncabezadoInventario(System.Guid)">
            <summary>
            Obtiene el punto de venta id, la fecha del ultimo inventario y el listado de los tipos de inventario
            </summary>
            <remarks>
            Retorna toda la información del encabezado que se requiere ara dar inicio al inventario. Se sugieren usuario_id = bc75c0db-e6c8-ed11-8927-34735a9c3f29 
            Es el encabezado del inventario 
            </remarks>
        </member>
        <member name="M:WebApiIntegracion.Controllers.InventarioController.GetPuntoVentaDetalle(System.Guid)">
            <summary>
            Obtiene los puntos de venta basado en el Usuario Id junto con el detalle de las bodegas
            </summary>
            <remarks>
            Retorna toda la información de los puntos de ventas del usuario seleccionado con el detalle de las bodegas usuario_id = bc75c0db-e6c8-ed11-8927-34735a9c3f29 
            Es el encabezado del inventario 
            </remarks>
        </member>
        <member name="M:WebApiIntegracion.Controllers.InventarioController.GetRespuestaPedidoSAP(System.Guid)">
            <summary>
            Hace todos los calculos para enviar a SAP
            </summary>
            <remarks>
            Retorna toda la información de SAP pedido = bc75c0db-e6c8-ed11-8927-34735a9c3f29 
            Es el encabezado del inventario 
            </remarks>
        </member>
        <member name="M:WebApiIntegracion.Controllers.InventarioController.CreateInventarioBase(Popsy.Objects.CreateInventarioBaseEntity)">
            <summary>
            Guarda el inventario con su respectivo detalle
            </summary>
            <remarks>
            Se debe enviar el usuario_id, tipo_inventarios_id y la fecha_registro. Adicional un listado con los productos producto_punto_venta_id, bodega_id, minima_unidad y cantidad
            Corresponde al guardado del inventario, envía correo y crea un consecutivo de inventario.
            </remarks>
        </member>
    </members>
</doc>
